-- --------------------------------------------------------
-- Sunucu:                       127.0.0.1
-- Sunucu sürümü:                10.4.14-MariaDB - mariadb.org binary distribution
-- Sunucu İşletim Sistemi:       Win64
-- HeidiSQL Sürüm:               11.1.0.6116
-- --------------------------------------------------------

/*!40101 SET @OLD_CHARACTER_SET_CLIENT=@@CHARACTER_SET_CLIENT */;
/*!40101 SET NAMES utf8 */;
/*!50503 SET NAMES utf8mb4 */;
/*!40014 SET @OLD_FOREIGN_KEY_CHECKS=@@FOREIGN_KEY_CHECKS, FOREIGN_KEY_CHECKS=0 */;
/*!40101 SET @OLD_SQL_MODE=@@SQL_MODE, SQL_MODE='NO_AUTO_VALUE_ON_ZERO' */;
/*!40111 SET @OLD_SQL_NOTES=@@SQL_NOTES, SQL_NOTES=0 */;


-- recipes için veritabanı yapısı dökülüyor
CREATE DATABASE IF NOT EXISTS `recipes` /*!40100 DEFAULT CHARACTER SET utf8 COLLATE utf8_turkish_ci */;
USE `recipes`;

-- tablo yapısı dökülüyor recipes.categories
CREATE TABLE IF NOT EXISTS `categories` (
  `category_id` int(11) NOT NULL AUTO_INCREMENT,
  `title` varchar(45) COLLATE utf8_turkish_ci NOT NULL,
  `seq` int(11) DEFAULT NULL,
  PRIMARY KEY (`category_id`)
) ENGINE=InnoDB AUTO_INCREMENT=7 DEFAULT CHARSET=utf8 COLLATE=utf8_turkish_ci;

-- recipes.categories: ~5 rows (yaklaşık) tablosu için veriler indiriliyor
/*!40000 ALTER TABLE `categories` DISABLE KEYS */;
INSERT INTO `categories` (`category_id`, `title`, `seq`) VALUES
	(1, 'Börek', 1),
	(2, 'Çorba', 2),
	(3, 'Et', 3),
	(4, 'Hamur İşi', 4),
	(5, 'Diyet', 5);
/*!40000 ALTER TABLE `categories` ENABLE KEYS */;

-- tablo yapısı dökülüyor recipes.comments
CREATE TABLE IF NOT EXISTS `comments` (
  `comment_id` int(11) NOT NULL AUTO_INCREMENT,
  `comment` mediumtext COLLATE utf8_turkish_ci DEFAULT NULL,
  `create_date` date DEFAULT NULL,
  `rating` double DEFAULT NULL,
  `name` varchar(70) COLLATE utf8_turkish_ci DEFAULT NULL,
  `email` varchar(80) COLLATE utf8_turkish_ci DEFAULT NULL,
  `visible` tinyint(4) DEFAULT NULL,
  `recipe` int(11) DEFAULT NULL,
  PRIMARY KEY (`comment_id`),
  KEY `FK_comments_recipes` (`recipe`),
  CONSTRAINT `FK_comments_recipes` FOREIGN KEY (`recipe`) REFERENCES `recipes` (`recipe_id`)
) ENGINE=InnoDB AUTO_INCREMENT=15 DEFAULT CHARSET=utf8 COLLATE=utf8_turkish_ci;

-- recipes.comments: ~0 rows (yaklaşık) tablosu için veriler indiriliyor
/*!40000 ALTER TABLE `comments` DISABLE KEYS */;
INSERT INTO `comments` (`comment_id`, `comment`, `create_date`, `rating`, `name`, `email`, `visible`, `recipe`) VALUES
	(1, 'bayıldım çocuklarım da buna bayilicak Teşekkürler özge hanım', '2021-01-20', 5, 'Emine Fırat', 'eminef@gmail.com', 1, 1),
	(2, 'cok guzel gorunuyolar fakat hic aciklayici bir tarif degil un nekadar olcak kivami nasil olcak. biraz daha detayli anlatirsaniz sewinirim.', '2021-01-20', 3, 'Kübra Konuk', 'kubrak@gmail.com', 1, 1),
	(3, 'Bu tarifte kek hamurunda yağ yok mu? Görsel olarak çok güzel gözüküyor ellerinize sağlık', '2021-01-20', 4, 'SEvcan Seher', 'sevcans@gmail.com', 1, 2),
	(4, 'keki kağıt kapsülde pişirdim ona çok yapıştı,yarısınıda küçük borcamda pişirdim.pişirmek pandispanya gibi dikkat gerektiriyor,tadı fena olmadı,jolenin şekerini ayarladım güzel oldu;) elinize sağlık', '2021-01-20', 4, 'Pelin Hisar', 'pelinh@gmail.com', 1, 3),
	(5, 'Ben yaptım kek katı oldu çok güzel karardı fakat şeker de verdiğiniz ölçü az olduğu', '2021-01-20', 4, 'Sinan Kara', 'sinan@gmail.com', 1, 3),
	(6, 'Ben göz kararı un koyuyorum fakat sizler 5 fincan kadar un koyabilirsiniz yeterli olacaktır :) afiyetler olsun kusura bakmayın yeni girebildim', '2021-01-20', 4, 'Berna Sağlar', 'berna@gmail.com', 1, 4),
	(7, 'Normal kek kıvamında bu tarif. O kıvamı göz önünde tutarak ununuzu koyabilirsiniz', '2021-01-20', 4, 'Asu Kaya', 'asu@gmail.com', 1, 4),
	(8, 'Bayan nasıl yaptı bilmiyorum ama sizin için söylim savaren kalıpları var. Ortası delikli çıkartıyor kekleri. Marmelatyerini . Siz de o kalıplardan kullanabilirsiniz', '2021-01-20', 4, 'Aslıhan Gök', 'aslihan@gmail.com', 1, 5),
	(9, 'çok güzel görünüyor ellerinize saglik.ama lütfen biraz daha aciklarmiainiz tam nasil yaptinizi.', '2021-01-20', 3, 'Sevinç Çelenk', 'sevinc@gmail.com', 1, 5),
	(10, 'Su eklenildigi taktirde cok güzel oluyor, cok begendim, cok tesekkürler ', '2021-01-20', 5, 'Ceyda Civelek', 'ceyda@gmail.com', 1, 2),
	(11, 'Yaptım efsane oldu. Çok teşekkür ederim', '2021-01-20', 5, 'Hayal Kandemir', 'hayal@gmail.com', 1, 2),
	(12, 'tahini 1/3 demissiniz yarim su bardagimi oluyor acaba', '2021-01-20', 4, 'Leyla Şanlı', 'leyla@gmail.com', 1, 2),
	(13, 'birebir uydum olmadı. başaranlari tebrik ederim', '2021-01-20', 2, 'Feyza Seyyar', 'feyza@gmail.com', 1, 2),
	(14, 'kıvamı katı oldu. smootie cihazında çektim nohutu ve baya bi su eklemek durumunda kaldım. onun dışında oranlar güzel.', '2021-01-20', 3, 'Talat Tar', 'talat@gmail.com', 1, 2);
/*!40000 ALTER TABLE `comments` ENABLE KEYS */;

-- tablo yapısı dökülüyor recipes.recipes
CREATE TABLE IF NOT EXISTS `recipes` (
  `recipe_id` int(11) NOT NULL AUTO_INCREMENT,
  `title` varchar(100) COLLATE utf8_turkish_ci DEFAULT NULL,
  `image` varchar(150) COLLATE utf8_turkish_ci DEFAULT NULL,
  `description` varchar(500) COLLATE utf8_turkish_ci DEFAULT NULL,
  `ingredients` varchar(500) COLLATE utf8_turkish_ci DEFAULT NULL,
  `prep_time` int(11) DEFAULT NULL,
  `calories` int(11) DEFAULT NULL,
  `serves` int(11) DEFAULT NULL,
  `directions` longtext COLLATE utf8_turkish_ci DEFAULT NULL,
  `create_date` date DEFAULT NULL,
  `visible` tinyint(4) DEFAULT NULL,
  `category` int(11) DEFAULT NULL,
  PRIMARY KEY (`recipe_id`),
  KEY `FK_recipes_categories` (`category`),
  CONSTRAINT `FK_recipes_categories` FOREIGN KEY (`category`) REFERENCES `categories` (`category_id`)
) ENGINE=InnoDB AUTO_INCREMENT=22 DEFAULT CHARSET=utf8 COLLATE=utf8_turkish_ci;

-- recipes.recipes: ~21 rows (yaklaşık) tablosu için veriler indiriliyor
/*!40000 ALTER TABLE `recipes` DISABLE KEYS */;
INSERT INTO `recipes` (`recipe_id`, `title`, `image`, `description`, `ingredients`, `prep_time`, `calories`, `serves`, `directions`, `create_date`, `visible`, `category`) VALUES
	(1, 'Avcı Böreği', 'avci-boregi.jpg', 'Kuru soğanla tereyağında kavrulmuş kıyma, sıcak suyu çekip şişen ince bulgur, ceviz içi ve baharatlar... Tüm bu lezzetli malzemelerle hazırlanmış iç harç, hazır yufka parçalarına sarmalanıyor. Üzerleri çırpılmış yumurta ve galeta unuyla kaplandıktan sonra damak tadınıza göre fırında ya da derin yağda kızartılıyor.', '2 adet hazır yufka|3 yemek kaşığı sıvı yağ|200 gram orta yağlı kıyma|1 adetorta boy kuru soğan|2 yemek kaşığı sıvı yağ|1,5 yemek kaşığı tereyağı|2 su bardağı ince bulgur|1/2 su bardağı dövülmüş ceviz içi|1/2 demet maydanoz(doğranmış)|1 çay kaşığı tuz|1 çay kaşığıkarabiber', 20, 250, 8, 'Kıymalı iç harcı için kuru soğanı küçük parçalar halinde doğrayın. Bol suda yıkayıp fazla suyunu süzdürdüğünüz ayıklanmış maydanoz yapraklarını incecik kıyın. Ceviz içini keskin bir bıçak yardımıyla kıyın.|Kapaklı küçük bir kaseye aldığınız köftelik ince bulgurun üzerini örtecek kadar sıcak su ekleyin. Kapağını kapatıp şişmesi için kısa bir süre bekletin.|Tereyağı ve sıvı yağı bir tavaya alıp kızdırın.|Soğanları ekleyip, soğanlar diriliğini kaybedene kadar kavurma işlemini sürdürün.|Soğanların üzerine kıymayı, tuz ve karabiberi ekleyin ve kavurma işlemine devam edin.|Kavrulan kıymanın üzerine ceviz, şişmiş ince bulgur ve doğranmış maydanozu ekleyip karıştırın ve ocağın altını kapatın.|Yufkaları dörde bölün ve her birini fırça ile yağlayın.|Yufkanın geniş kısmına kıymalı harçtan ekleyin ve önce kenarlardan katlayarak rulo haline getirip kapatın.|Yumurtaları geniş bir kapta çırpın. Elenmiş galeta ununu düz bir tabağa alın. Hazırladığınız avcı böreklerini öncelikle çırpılmış yumurtaya ardından galeta ununa bulayın.|Kızgın yağda kızartın ve sıcak olarak servis edin, sevdiklerinizle afiyetle yiyin.', '2021-01-19', 1, 1),
	(2, 'Kolay Su Böreği', 'kolay-su-boregi.jpg', 'Geleneksel tarifleri aslına uygun şekilde pratikleştirmek pek kolay değil elbet, geleneksel mutfağımız adeta sabrın bir örneği. Ancak çalışan kesimin yoğunlaşması ile geleneksel tarifleri pratikleştirmek şart oluyor. Hal böyle olunca su böreği de pratikleştirmek için can attığımız tariflerden, hem çok sevilen hem de vazgeçemediklerimizden su böreği bu tarifte açma yufkalarının yerini hazır yufkalara bırakıyor derin bir hüzünle, ama olsun ona saygımız sonsuz, hatta vaktimiz olduğunda orijinalini ', '6 adet yufka|1 su bardağı süt|1/2 su bardağı su|1/2 su bardağı sıvı yağ|2 adet yumurta|2 su bardağı kaşar peyniri(rendelenmiş)|2 su bardağı beyaz peynir(ufalanmış)|1/4 demet maydanoz(doğranmış)|1 adet yumurta|2 yemek kaşığı susam', 50, 350, 10, 'Bir kasenin içerisinde süt, su, sıvı yağ ve yumurtayı çırpıp güzelce karıştırın.|Beyaz peynir, kaşar peyniri ve maydanozu karıştırın.|Yuvarlak fırın tepsisini yağlayın ve en alt katmanına ilk yufkanızı kenarları dışarıdan sarkacak şekilde yerleştirin. Üzerine 1 kepçe sütlü karışımı ekleyip güzelce yayın.|Kalan 5 yufkanın 4`ünü iri parçalara bölün.|Hazırladığınız sütlü karışımın içerisine yufkaları batırıp tamamen harca bulanmasını sağlayın.|Yufkaların ikisini ilk kat yufkanın üzerine gelişi güzel serin ve iç harcın yarısını bu kata koyun.|Kalan yufkaları harcın üzerini örtecek şekilde yerleştirin. En son ilk yufkanın kenarlarını tepsinin içerisine doğru kapatın ve sütlü karışımdan üzerine sürün.|Son yufkayı da üzerini güzelce kapatacak şekilde tepsiye serin ve kalan sütlü karışımdan üzerine ilave ettikten sonra çırpılmış yumurta ve susam serpiştirin.|Böreği dilimleyerek 195 derece fansız programda ısıtılmış fırında üzeri kızarıp yufkalar kat kat ayrılana dek, kontrollü olarak pişirin.|Oda sıcaklığında ılımaya bırakın ve servis edin. Afiyet olsun!', '2021-01-19', 1, 1),
	(3, 'Soda Banyolu Börek', 'soda-banyolu-borek.jpg', 'Börek tarifleri denilince akla su böreği, sigara böreği, kol böreği gibi klasik lezzetler gelir.  Kahvaltıda tüketilmesi ayrı, çayın yanında sıcacık yenmesi ayrı bir keyif olan böreklere kimse hayır diyemez. Mutlaka herkesin favorisi bir börek vardır   Hele bir de bol bol peynirli, içi tam kıvamında pişmiş bir börek söz konusuysa yüzlerde kocaman bir mutluluk gülümsemesi oluşur! Peki hem lezzetli hem de pratik bir börek tarifimiz var desek ? O zaman sizi nefis bir tarifle buluşturalım! Puf gibi ', '2 adet yufka|1/2 su bardağı tereyağı(eritilmiş)|450 gram lor peyniri|1/2 demet maydanoz|1,5 su bardağı soda|1 adet yumurta sarısı|1 tatlı kaşığı susam|1 tatlı kaşığı çörek otu', 50, 270, 12, 'Yufkayı tezgaha serin. Üzerine eritilmiş tereyağını gezdirin ve diğer yufkayı da üzerine serip aynı şekilde eritilmiş tereyağını üzerine yayın.|İki kat yağlanmış yufkaları 12 eşit üçgen parçaya bölün.|Her bir üçgenin geniş kısmına lor peynirli, maydanozlu harçtan ekleyin ve kenarlardan katlayıp, rulo börek şeklinde katlayın.|Soda dolu kabın içerisine tüm börekleri ekleyin ve 10 dakika dinlendirin.|Dinlendirdiğiniz börekleri soda banyosundan çıkarın ve hafif sıkıp pişirme kağıdı serili fırın tepsisine yerleştirin.|Üzerlerine yumurta sarısı sürüp, susam ve çörek otu serpiştirin.|180 derece fırında 30 dakika pişirin. İlk sıcaklığı geçtikten sonra afiyetle yiyin!', '2021-01-19', 1, 1),
	(4, 'Çiğ Börek', 'cig-borek.jpg', 'Tatarlar`ın bize en güzel armağanlarından biri çi börek. Çiğ börek adıyla da bilinen bu lezzet özellikle Eskişehir`in her köşesinde yapılan ve çok sevilerek yenen bir güzellik üstelik. Böreğin özelliği olarak kıymalı harcı çiğden konuluyor. İncecik açılmış hamurun içerisine konup kızgın yağda hızlı bir şekilde pişiyor.', '3 su bardağı un|1 su bardağı ılık su|1 tatlı kaşığı tuz|2 tatlı kaşığı sirke|300 gram kıyma|1 adet rendelenmiş soğan|1 tatlı kaşığı tuz|1 tatlı kaşığı karabiber|3/4 çay bardağı su|1/2 su bardağısıvı yağ', 35, 175, 6, 'Bir karıştırma kabının içinde 300 gram kıyma, 1 adet soğan rendesi, 1 tatlı kaşığı karabiber, 1 tatlı kaşığı tuz ve yarım çay bardağı suyu karıştırın.|Harcınızın sulu olmasına özen gösterin.|Bir kabın içerisinde 1 su bardağı ılık su, 3 su bardağı un, 1 tatlı kaşığı tuz ve 2 tatlı kaşığı üzüm ya da elma sirkesini karıştırın.|Orta yumuşaklıkta bir hamur elde edene kadar yoğurun.|Hamurunuzu un serptiğiniz tezgaha alıp bezelere ayırın.|Bir merdane yardımıyla orta büyüklükte bir tabak boyutunda açın. (Çiğ böreğinizin çıtır çıtır olmasını istiyorsanız hamurunuzu ince, daha dolgun olmasını istiyorsanız orta kalınlıkta açın.)|Kıymalı harcınızı açtığınız hamura yerleştirip katlayın.|Kenarlarının iyice yapışmasını sağlamak için bir kapak ya da pizza kesiciyle düzgünce kesin.|Hepsini bu şekilde hazırlayın.|Bu sayede, börekleriniz kızarırken kenarları açılmayacaktır. Derin bir tavaya yağı alın ve güzelce kızdırın.|Kızmış yağa börekleri atarak kızartın ve kızaran böreklerinizi fazla yağı emmesi için bir kağıt havlu üzerine alın. Afiyet olsun.', '2021-01-19', 1, 1),
	(5, 'Emekli Böreği', 'emekli-boregi.jpg', 'Bu börekte yufka yok, hamur açmak yok! Bir kasede tüm malzemeyi karıştırıp, çay saatine börek tadında enfes bir tarif hazırlamaya ne dersiniz? Yufkasız ve el açması hamursuz bir börek tarifi arıyorsanız, bu tarife bayılacaksınız! Börek tadında ve oldukça pratik bir tarif hazırladık. Emekli böreği, börek yapmaya üşenenler ve zamanı kısıtlı olanların favorisi olacak. Sofraların en sevilen tariflerinden biri olacak emekli böreğini evde bulunan malzemelerle kolaylıkla hazırlayabilirsiniz. Ayrıca, iç', '2 adet yumurta|1 çay bardağı sıvı yağ|1 çay bardağı süt|1/2 paket kabartma tozu|1 çay kaşığı tuz|1/2 çay kaşığı karabiber|1/4 çay kaşığı kimyon|1/2 çay kaşığı pul biber|1/2 çay kaşığı kırmızı toz biber|1 çay bardağı un|1 çay bardağı mısır unu|3 adet patates (kibrit doğranmış)|1 adet soğan (küp doğranmış)|1/2 su bardağı beyaz peynir (ufalanmış)|1/2 demet maydanoz(doğranmış)|1 çay bardağı rendelenmiş kaşar peyniri|1 su bardağı yoğurt|1/4 demet doğranmış maydanoz', 55, 345, 6, 'Derin bir kasede yumurta, sıvı yağ, süt, kabartma tozu, tuz, karabiber, kimyon, pul biber ve kırmızı toz biberi ekleyip çırpın.|Üzerine un ve mısır ununu ekleyip karıştırın.|Son olarak kibrit doğranmış patates, soğan, kaşar peyniri, beyaz peynir ve maydanozu ekleyip güzelce karıştırın.|Yağlanmış fırın kabına hazırladığınız harcı ekleyin. Önceden ısıtılmış 180 derece fırında 40 dakika pişirin.|Frından çıkan böreğin ilk sıcaklığı geçtikten sonra dilimleyin.|Üzerine arzuya göre çırpılmış yoğurt ve maydanoz serpiştirerek servis edin. Afiyet olsun!', '2021-01-19', 1, 1),
	(6, 'Ispanaklı Börek', 'ispanakli-borek.jpg', 'Ispanağın yararını saymakla bitiremeyiz. Sevenin çok sevdiği ıspanak, bazı kimselerce de mesafeli davranılan sebzelerden biri. Sevmeyenin bile afiyetle yiyebileceği bir tarifle tüm bu ön yargıları kıralım öyleyse. Şöyle sıcacık, kıtır kıtır bir böreği kim sevmez ki? Hazırlaması oldukça pratik, saatlerce hamur açmanıza gerek kalmadan hazır yufka ile çabucak halledeceğiniz bir börek için mutfağa buyurun!', '5 adet hazır yufka|1 adet yumurta sarısı|2 adet yumurta|1 su bardağı yoğurt|1/2 çay bardağı zeytinyağı|1/2 çay bardağı su|500 gram ıspanak|1 adet soğan|1 çay kaşığı tuz|1 çay kaşığı karabiber|1/2 çay bardağı zeytinyağı|1 tatlı kaşığı çörek otu', 50, 310, 5, 'Bir tavada zeytinyağı ile soğanları kavurun.|Ispanakları güzelce yıkayıp iri parçalar halinde doğrayın. Daha sonra üzerine ayıklayıp yıkadığınız ıspanakları, karabiberi ve tuzu ekleyip kavurun.|Ispanaklar suyunu salınca ocağın altını kapatın ve ıspanakları bir kenarda soğumaya bırakın.|Bir kabın içerisinde bir bardak yoğurt, 2 adet yumurta,  yarım çay bardağı su ve yarım çay bardağı sıvı yağı güzelce çırpın.|Fırın tepsisini yağladıktan ya da bir pişirme kağıdı serdikten sonra bir adet yufkayı tepsinin kenarlarından taşacak şekilde içine serin.|Yoğurtlu karışımı bir fırça yardımıyla yufkanın üzerine sürün.|İkinci yufkayı buruşturarak birinci yufkanın üzerine yerleştirin.|Üzerine yoğurtlu karışımdan sürdükten sonra üzerine ıspanaklı harcın bir kısmını ekleyin.|Üzerine üçüncü yufkayı buruşturarak yerleştirin. Yoğurtlu karışımı sürüp dördüncü yufkayı yerleştirin.|Dördüncü yufkanın üzerine yoğurtlu karışımdan sürüp kalan ıspanak harcını ekleyin.|Beşinci yufkayı serip üzerine yoğurtlu karışımdan sürdükten sonra en altta kalan ve tepsi dışına taşan yufkayı da tepsi üzerine toplayın. Üzerine kalan yoğurtlu karışımı sürün.|Böreği dilimlere ayırıp üzerilerine yumurta sarısı sürün ve arzunuza göre üzerini çörek otuyla süsleyin.|Önceden ısıtılmış 180 derece fırında 30 dakika pişirin.|Dilediğiniz gibi servis edebilirsiniz. Afiyet olsun.', '2021-01-19', 1, 1),
	(7, 'Mercimek Çorbası', 'mercimek-corbasi.jpg', 'Bu nefis lezzeti ev konforunda yaşayın istedik. Bu sefer soğuk kış günleri evde kendinizi lokanta usulü çorbayla şımartın bizce. Eh önümüzde çetin bir kış bizi bekliyor. Sarı mercimeğin güzeller güzeli rengine... Hem blenderdan çekilip hem de süzgeçten süzülen pürüzsüz dokusuna saygı duruşunda bulunuyor ve tarifi sizinle buluşturuyoruz.', '1 su bardağı sarı mercimek|1,5 su bardağı tavuk suyu|4 su bardağı su|1 tatlı kaşığı tuz|1 adet soğan|2 diş sarımsak|1 yemek kaşığı tereyağı|1 yemek kaşığı un|Üzeri İçin: 2 yemek kaşığı tereyağı|1 çay kaşığıpul biber', 40, 150, 4, 'Mercimekleri bol suda yıkayın.Tereyağını eritin ve küp küp doğranmış soğanları ve ezilmiş sarımsakları kavurun.|Soğan ve sarımsak hafif kavrulunca unu ilave edin ve 2-3 dakika unu kavurun.|Çırpma teliyle unu çırpıyorken tavuk suyunu ilave edin.|Mercimekleri de ilave edin ve kalan suyu da ilave edip kaynamaya bırakın.|Su kaynayınca tuzu ilave edin ve mercimekler iyice yumuşayıncaya kadar pişirin.Kaynayan ve kıvamlanan çorbayı blenderdan geçirin.|Daha sonra ince delikli bir süzgeçten süzün ve pürüzsüz kıvama getirin.', '2021-01-19', 1, 1),
	(8, 'Pirinçli Yoğurt Çorbası', 'pirincli-yogurt-corbasi.jpg', 'Mevsim farketmeden afiyetle içilecek bir çorba varsa o da tartışmasız pirinçli yoğurt çorbasıdır. Yemek tarifleri arasında özel bir yeri olan bu çorba o her daim tüketilecek kadar güzel lezzetini yoğurda borçlu. Üstelik hazırlaması da öyle pratik ki! Terbiyesi kesilmeyen, tadı damağınızda kalacak bu nefis lezzeti hazırlamak isteyenler için adım adım resimli anlatımla tarifimizi sizler için hazırladık.', '2 litre su|5-6 yemek kaşığı pirinç|1 yemek kaşığı (tepeleme)un|1 adet yumurta|1,5 su bardağı yoğurt|2 çay kaşığı tuz|1 tatlı kaşığı kuru nane|2 yemek kaşığı tereyağı|2 çay kaşığı kuru nane', 40, 175, 4, 'Orta boy bir tencerenin içerisine suyu dökün. İçine pirinçleri ekleyin. Kısık ateşte pirinçler yumuşayana kadar pişirin.|Bir kabın içerisine yoğurt, yumurta ve unu aktarın.|Güzelce çırpın ve içerisinde unun topaklanmamasına özen gösterin.|Ocağın üzerinde pişen pirinçlerin suyundan bir kepçe alıp güzelce yoğurtlu karışıma yedirin. Ardından bu işlemi birkaç kepçe daha ilave ederek gerçekleştirin.|Ocakta pişmekte olan pirinçlerin üzerine yoğurtlu karışımı çok dikkatli bir şekilde, incecik bir ip halinde dökerek bir yandandan da karıştırın.|Bu şekilde tüm yoğurdu ilave ettikten sonra kaynayana kadar güzelce karıştırın. Kuru naneyi ve tuzunu da ilave edin.|Birkaç dakika daha ocakta pişirmeye devam edin. Bu aşamada kıvamı çok yoğunlaşırsa su ilave edebilirsiniz.|Ayrı bir tavanın içerisinde tereyağını eritin ve üzerine kuru naneyi ekleyerek hafifçe yakın. Servis etmeden önce çorbanızın üzerine gezdirin.|Ardından çorbanızı servis edin. Afiyetler olsun!', '2021-01-19', 1, 2),
	(9, 'Brokoli Çorbası', 'brokoli-corbasi.jpg', 'Çorba tariflerinin içinde özel bir yeri olan bu brokoli çorbası üstelik herkese göre! Çünkü hem kremasız hem sütsüz bir brokoli çorbası tarifi bu. Bu sade brokoli çorbası diyet listelerinin de gözdesi. Daha ne olsun? Hazırladığınız çorbayı şifa niyetine bu şekilde içebileceğiniz gibi krema ile tatlandırarak da tüketebilirsiniz tabii, öyle de oldukça lezzetli oluyor.', '500 gram brokoli|7 su bardağı su|1 yemek kaşığı zeytinyağı|1 yemek kaşığı tereyağı|1 yemek kaşığı un|1,5 çay kaşığı tuz|1/2 çay kaşığı karabiber', 30, 150, 4, 'Küçük parçalara ayırdığınız 500 gram brokoliyi 7 su bardağı su ile birlikte haşlayın. Brokoliler haşlandıktan sonra bir kevgir yardımıyla çıkartın ve suyunu bir kenara ayırın.|Ardından derin bir tencerede 1`er yemek kaşığı zeytinyağı ve tereyağını eritin. 1 yemek kaşığı unu da üzerine ekleyin ve kokusu çıkıp, hafif renk alana kadar kavurun.|Kavrulan una brokoliyi haşladığınız suyu azar azar ekleyin ve topaklanmaması için bir çırpma teliyle sürekli karıştırın. Bu şekilde 2-3 dakika kaynattıktan sonra haşlayıp süzdürdüğünüz brokolileri suyun içerisine ekleyin.|Çorbayı, pürüzsüz bir kıvam alması için el blenderından geçirin ve son olarak üzerine 1,5 çay kaşığı tuzla yarım çay kaşığı karabiberi ekleyip karıştırın.|Brokoli çorbasını bir taşım kaynatıp ocağın altını kapatın ve sıcak olarak servis edin. Afiyet olsun!', '2021-01-19', 1, 2),
	(10, 'Tavuk Suyu Çorbası', 'tavuk-suyu-corbasi.jpg', 'Mercimek çorbası ve ezogelin çorbasıyla birlikte restoran lezzetlerinin vazgeçilmezleri arasında yer alan tavuk suyu çorbası diğer çorbalara bakıldığında görece bir kaşık daha lezzetlidir.', '1 adet tavuk göğsü|1 adet tavuk budu|1 adet kuru soğan|1 tatlı kaşığı tuz|6 su bardağı su|1 yemek kaşığı tereyağı|1 yemek kaşığı un|1 çay bardağı tel şehriye|1/2 çay kaşığı karabiber', 100, 378, 6, '1`er adet tavuk göğsünü ve budu, 1 adet iri doğranmış kuru soğan ve 1 tatlı kaşığı tuz ile birlikte tencereye aktarın. Üzerine 6 su bardağı suyu da ekleyin ve orta ateşte 30 dakika kadar kaynatın.|Pişen tavuk etlerini servis tabağına alın ve soğuduktan sonra kemiklerini ayıklayıp tavuk etlerini didikleyin.|Çorbayı pişireceğiniz tencerede 1 yemek kaşığı tereyağını eritin. 1 yemek kaşığı unu, kokusu çıkıp, renk alana kadar kavurun.|Üzerine tavukları haşladığınız ve soğanları ayırdığınız tavuk suyunu yavaş yavaş ve sürekli olarak karıştırarak ekleyip, kapağını kapatıp kaynamaya bırakın.|Kaynadıktan sonra 1 çay bardağı tel şehriye, haşlayıp didiklediğiniz tavuk eti ve 1 çay kaşığı karabiberi de ekleyin.|Çorbayı bu şekilde 10 dakika kadar kaynatıp sıcak olarak servis edin.', '2021-01-19', 1, 2),
	(11, 'Ezogelin Çorbası', 'ezogelin-corbasi.jpg', '', '1 su bardağı kırmızı mercimek|1 adet büyük boy soğan|2 yemek kaşığı biber salçası|1 yemek kaşığı tereyağı|1/2 çay bardağı sıvı yağ|1 yemek kaşığı pirinç|2 yemek kaşığı bulgur|1 tatlı kaşığı pul biber|1 çay kaşığı karabiber|6 - 6,5 su bardağı sıcak su|1 çay kaşığı tuz', 25, 123, 6, 'Tereyağı, zeytinyağı ve soğanları tencerenin içerisine alın. Hafifçe kavurun.|Üzerine salçayı ve yıkanmış mercimekleri ilave ederek kavurmaya devam edin.|Ardından üzerine tüm baharatları, pirinç ve bulguru ekleyerek kavurun. Son olarak suyunu ilave edip kapağını kapatın ve ocağınızın altını kısarak pişmeye bırakın.|15 dakikanın sonunda tencerenizin kapağını açın. Çorbanızı güzelce karıştırın ve servis edin. Afiyetler olsun!', '2021-01-19', 1, 2),
	(12, 'Sac Kavurma', 'sac-kavurma.jpg', 'Sac üzerinde yapılan nefis kavurma, biber, soğan ve domatesle lezzetlenip sadece temel birkaç baharatla lezzetini zirveye taşıyor. Eğer sac tavanız yoksa üzülmeyin, vok tava veya ince tabanlı bir tavada da sac keyfi yaşayabilir ve misafirlerinize yaptığınız bu yemeği ziyafete dönüştürebilirsiniz. Bayram sofralarını, özel günleri, şık sofraları şölene çeviren nefis, yumuşacık pişmiş sac kavurma yapmaya ne dersiniz?', '2 yemek kaşığı sıvı yağ|1 kg.kuşbaşı et (kuzu ya da orta yağlı dana eti)|2 adet soğan(iri küpler halinde doğranmış)|3 adet köy biberi(doğranmış)|2 adet domates(soyulmuş, küp doğranmış)|1 yemek kaşığı tereyağı|1 tatlı kaşığı tuz|1 çay kaşığı karabiber|1 çay kaşığı pul biber|1 çay kaşığı kekik', 45, 452, 6, 'Sac tavanın içerisine 2 yemek kaşığı sıvı yağı koyun ve kızdırın. Üzerine 1 kilogram kuşbaşı kuzu etini ilave edin.|Etleri yüksek ateşte suyunu salıp çekene kadar kavurun. Etler hafif kızardığında, iri küpler halinde doğradığınız 2 adet soğanı tavaya ilave edin ve karıştırın.|Soğanlar sotelendikten sonra 3 adet yeşil köy biberini de tavaya ekleyin. Sac kavurmayı yüksek ateşte pişirdiğimizden dolayı, malzemeler tavanın dibine yapışıp yanmaması için ara ara karıştırın.|Biberler de sotelendikten sonra 2 adet soyulmuş, küp doğranmış domatesleri ekleyin.|Domatesler piştikten sonra 1 yemek kaşığı tereyağ ekleyin ve karıştırın.|Baharatların tümünü ekleyip, 2-3 dakika kaırştırdıktan sonra ocağın altını kapatın ve sıcak olarak servis edin.', '2021-01-19', 1, 3),
	(13, 'Et Sote', 'et-sote.jpg', 'Etli yemeklerin en kolay ve en dikkatli şekilde pişirilmesi de şart olan tariflerinin başında geliyor kendileri. Yüksek ısıda mühürlemek, soğan ve domatesini mutlaka ilave etmek şart. Yanına bir pilav ve salatayla en şahane öğüne dönüşüyor. Adım adım resimli anlatımıyla et sote tarifimizi denemeye davetlisiniz.', '600 gram sotelik dana eti|4 yemek kaşığı zeytinyağı|1 adet orta boy kuru soğan(yemeklik doğranmış)|2 adet orta boy domates(kabukları soyulmuş, doğranmış)|3 adet orta boy yeşil biber(doğranmış)|1 tatlı kaşığı domates salçası|1/2 tatlı kaşığı biber salçası|1 su bardağı sıcak su|1 çay kaşığı tuz|1/2 çay kaşığı taze çekilmiş tane karabiber|1 tatlı kaşığı kekik', 70, 358, 4, 'Döküm bir tavada 4 yemek kaşığı zeytinyağını kızdırın. 1 adet yemeklik ince doğradığınız soğanları tavaya ekleyin.|Renk alan soğanların üzerine 3 adet doğranmış yeşil biber ekleyin ve sotelemeye devam edin.|Sotelik doğradığınız 600 gram dana etini ilave edin.|Suyunu salmaması, lezzet ve vitamin değerini hapsetmesi için; yüksek ateşte, yaklaşık 2-3 dakika hiç karıştırmadan mühürleyin.|Dış kısmı renk alan etleri aralarda karıştırarak yüksek ateşte sotelemeye devam edin.|3 adet soyulmuş ,doğranmış domatesi ekleyerek karıştırın. Ardından 1 çay kaşığı tuz, karabiber, 1 tatlı kaşığı kekiği de ekleyin.|Birer yemek kaşığı biber ve domates salçasını 1 su bardağı sıcak su ile sulandırdıktan sonra azar azar tavaya ekleyin.|Kısık ateşte etler yumuşayana kadar pişirin.|Etleri yumuşayan soteyi, lezzetli suyuyla birlikte servis tabaklarına alın ve sıcak sıcak servis edin. Afiyet olsun!', '2021-01-19', 1, 3),
	(14, 'Tas Kebabı', 'tas-kebabi.jpg', 'Kuşbaşı dana etiyle yapılan en güzel yemeklerden olan, sulu et yemeklerinin en sevileni tas kebabında etleri yumuşacık, lokum gibi pişiriyoruz. Tüm püf noktalarını da sesli olarak videomuzda adım adım anlatıyoruz.', '800 gram kuşbaşı dana eti|1 yemek kaşığı ayçiçek yağı|2 yemek kaşığı tereyağı|1 adet orta boy kuru soğan|3 diş sarımsak|1 yemek kaşığı un|1 tatlı kaşığı domates salçası|1 tatlı kaşığıtuz|2 adet orta boy patates|1 adet orta boy havuç|3 su bardağı sıcak su|4 adet tane karabiber', 70, 320, 5, '1 yemek kaşığı sıvı yağ ve 2 yemek kaşığı tereyağını tencerede kızdırın.Üzerine 800 gram dana kuşbaşı etini ekleyin ve etler suyunu salıp çekene kadar kavurun.|Yemeklik doğranmış 1 adet soğanı ve 3 diş doğranmış sarımsağı da ekledikten sonra etlerle beraber kavurmaya devam edin.|Bu aşamada ekleyeceğiniz 1 yemek kaşığı unu, kokusu çıkana kadar yaklaşık 2-3 dakika etlerle birlikte kavurun. 1 tatlı kaşığı salçayı ekleyin ve karıştırın.|Ardından 1 tatlı kaşığı tuz, 1 adet küp doğranmış patates, 1 adet küp doğranmış havuç ve 1 çay kaşığı karabiberi de ekleyip 3 su bardağı su ilave edin.|Kapağını kapattığınız tencerede, kısık ateşte 30 dakika kadar pişirin.|Kıvamlı bir sos halini alan suyu ve sebzelerle birlikte pişen eti, sıcak olarak bekletmeden servis edin. Afiyetler olsun!', '2021-01-19', 1, 3),
	(15, 'Alinazik', 'alinazik.jpg', 'Adı da, hikayesi de kendi kadar güzel olan bu yemeği en güzel Antep`te, onların elinden yemek gerek. Ama gitme şansı olmayanlar için bir yol daha var. Üstelik pek pratik. Bu müthiş görsel şölen için sıvayın hadi kollarınızı. Biz bu tarifte kuşbaşı etleri minik minik doğradık. Anca dilerseniz satır eti, kıyma ya da kuşbaşı kullanarak tarifi hazırlamanız mümkün.', '1 diş sarımsak|250 gram kuşbaşı et (küçük doğranmış)|50 gram tereyağı|1 yemek kaşığı biber salçası|1 çay kaşığı toz kırmızı biber|1 çay kaşığı tuz|3 adet közlenmiş patlıcan|1 çay kaşığı tuz|1 kase sarımsaklı yoğurt', 30, 310, 4, 'Tereyağını derin bir tavanın içine alın. Sarımsağı ilave ederek hafifçe soteleyin|Ardından minik doğranmış kuşbaşı etleri ekleyerek karıştırın, kapağını kapatıp 6-7 dakika kısık ateşte suyunu salıp pişene kadar bırakın.|Piştikten sonra salça, toz kırmızı biber ve tuz ekleyerek tatlandırın ve ocaktan alın.|Közlenmiş patlıcanları kesme tahtasının üzerinde keskin bir bıçak yardımıyla dövün.|Dövme aşamasında üzerine hafifçe tuz atın.|İyice ezildiklerinde sarımsaklı yoğurt ile bir kasenin içinde birleştirin ve güzelce karıştırın.|Servis tabağının içerisine yoğurtlu patlıcanlı karışımı alın. Ortasını çukurlaştırın.Hazırladığınız etleri de üzerine yerleştirin. Sosunu ilave ederek servis edin.', '2021-01-19', 1, 3),
	(16, 'Şipşak Poğaça', 'sipsak-pogaca.jpg', 'Poğaçanın özelliği içerisinde yoğurt ve kabartma tozu olmasında saklı. Maya olmasa bile bu iki malzeme sayesinde hem kabarıyorlar hem de kıvamları şahane oluyor. İçine farklı malzemeler ilave ederek ya da hiçbir şey ilave etmeden de yapabilirsiniz. Şimdiden ellerinize sağlık diyoruz.', '1 su bardağı eritilmiş tereyağı|1 adet yumurta|1 çay bardağı sıvı yağ|1 su bardağı yoğurt|2 paket kabartma tozu|1,5 çay kaşığı tuz|2,5 - 3 su bardağı un|200 gram beyaz peynir|1 adet yumurta sarısı|2-3 yemek kaşığı çörek otu', 35, 280, 12, 'Eritilmiş tereyağı, sıvı yağ, yumurta ve yoğurdu bir kabın içerisine alıp güzelce çırpın.|Ardından kabartma tozunu ilave edin. Unu eleyerek azar azar ekleyin.|Ele yapışmayan yumuşacık bir hamur olana kadar un ilavesiyle güzelce yoğurun.|Hazırladığınız hamurdan dilediğiniz boyutlarda bezeler koparın. Baş parmağızla hamuru incelterek orta kısmında boşluk oluşturun. İçerisine beyaz peynir ilave edin ve hamurla üzerini örterek yuvarlayın. Bu şekilde tüm hamura şekil verin.|Poğaçaları yağlı kağıt serili fırın tepsisine dizin.|Ardından üzerine fırça yardımıyla yumurta sarısı sürün ve çörek otu serpin.|180 derecede önceden ısıtılmış fırında 25-30 dakika, üzeri kızarana kadar pişirin.|Dinlendirdikten sonra servis edin. Afiyetler olsun!', '2021-01-19', 1, 4),
	(17, 'Yağlı Açma', 'yagli-acma.jpg', 'İster zengin kahvaltı sofralarında ekmek yerine, ister hafta arası koşuşturmalarında kahvaltı niyetine, ister  çocukların beslenme çantalarında, isterseniz de çay saatlerinde tüketilebilecek bu açma tarifi, bayatlamamasıyla kurtarıcınız olacak. Yumuşacık kabaran mayalı hamurunun lezzetine varmak için haydi zaman kaybetmeden sizi mutfağa alalım!', '1 su bardağı ılık süt|1 paket instant maya(10 g)|3 yemek kaşığı toz şeker|1 su bardağı ılık su|1 su bardağı sıvı yağ|2 adet yumurta beyazı|1 tatlı kaşığı tuz|7 su bardağı un|2 adet yumurta sarısı', 45, 290, 6, 'Süt, maya ve şekeri karıştırın. Su, sıvı yağ ve yumurta beyazlarını ekleyip çırpın. Tuzu ve kontrollü bir şekilde unu ekleyip karıştırın.|Hamur kıvam almaya başladığında kabın içinde hafifçe yoğurun ve streç filmle sarıp 45 dakika mayalanmaya bırakın.|Hamurdan mandalina boyutlarında bezeler kopartın ve elinizde yoğurup silindir şeritler halinde uzatın. İki şeridi birbirine burgu şeklinde sarın ve iki uçtan birleştirip açma şeklini verin.|15 dakika tepside dinlendirin. Ardından yumurta sarısı sürün ve 190 derecede 20 dakika pişirin. Fırından çıkardıktan sonra bir süre dinlendirin. Ardından afiyetle tüketin!', '2021-01-19', 1, 4),
	(18, 'Tava Böreği', 'tava-boregi.jpg', 'Öğrenciye, tembele, yemek yapmayı bilmeyene, ani gelen misafire, sabah kahvaltıya, naz yapan kocaya, hamur işi krizine iyi gelir.  Bilin bakalım bu nedir? Börek, çay sofralarının olmazsa olmazı, kahvaltının en leziz alternatifidir. Yanında bir kısır, bir de çay verdiniz mi fethedemeyeceğiniz gönül kalmaz.', '4 adet haşlanmış patates|1 çay kaşığı tuz|1/2 çay kaşığı karabiber|1 çay kaşığı pul biber|1,5 su bardağı rendelenmiş kaşar peyniri|1 subardağı beyaz peynir(yumuşak, ufalanmış)|1/2 demet kıyılmış maydanoz|3 adet yufka|1/2 su bardağı kaşar peyniri|3 tatlı kaşığı tereyağı', 60, 315, 8, 'Bir kasede yarım su bardağı süt, yarım çay bardağı sıvı yağ, yarım su bardağı soda, 2 adet yumurta ve 1 çay kaşığı tuzu ekleyip karıştıralım.|4 adet patatesi haşlayalım ve püre haline gelene dek ezelim.|1 çay kaşığı tuz, yarım çay kaşığı karabiber, 1 çay kaşığı pulbiber, 1,5 su bardağı rendelenmiş kaşar peyniri ve 1 su bardağı yumuşak beyaz peynir ekleyelim ve güzelce karıştıralım.|Son olarak yarım demet incecik doğradığımız maydanozu da ekleyip karıştırdıktan sonra bol malzemeli iç harcımız hazır!|Yufkalardan birini tezgaha serelim. İlk başta hazırladığımız sostan yufkanın her yerine gelecek kadar ekleyelim ve sosu yufkanın her yerine yedirelim.|Hazırladığımız iç harcı yufkanın tam ortasına ekleyip elimizle yufkanın her yerine dağıtalım.|İç malzemeyi güzelce dağıttıktan sonra yufkanın alt kısmından yukarıya doğru saralım.|Sardıktan sonra bir ucunu içe doğru kıvırıp rulo haline getirelim. Diğer 2 yufkayı da sarıp tavada pişirme kısmına geçelim.|Böreği pişireceğimiz tavayı ısıtalım ve 2 tatlı kaşığı tereyağını ekleyip eritelim. Rulo haline getirdiğimiz ilk yufkayı tavanın tam ortasına yerleştirelim ve hazırladığımız diğer yufkaları etrafına saralım.|Yufkaların tavaya iyice yerleşmesini sağlayalım ve üstte kalan kısma fırça yardımıyla yarım tatlı kaşığı tereyağını sürelim. Böreğimizin her bir yüzünü 5 dakika yüksek ateşte, 15 dakika kısık ateşte pişirelim. Ara ara spatulayla altta kalan yüzeyi kontrol edelim.|Pişen yüzeyine kalan yarım tatlı kaşığı tereyağını sürelim ve böreği bir servis tabağına alalım. 10 dakika kadar oda sıcaklığında bekletelim ve çıtır çıtır, bol malzemeli tava böreğimizi dilimleip servis edelim.', '2021-01-19', 1, 4),
	(19, 'Fırında Gökkuşağı', 'firinda-gokkusagi.jpg', 'Yeşil renkli sebzeler, toksinlerin atılımını sağlamakla birlikte, bazı kanser risklerinin azaltılmasında, göz sağlığında, kas ve kemiklerin yenilenmesinde ve sağlıklı dişlere sahip olmada büyük yarar sağlıyorlar. Kırmızı sebzeler, hafızayı güçlendirici ve iltihap giderici özelliğe sahip. Sarı renkli sebzeler, beyin fonksiyonlarını düzenlemede ve cilt güzelliğinde rol oynuyor. Turuncu sebzeler, antioksidan yönünden çok zengin ve bağışıklık sistemini güçlendiriciler. Mor renkli sebzeler ise adeta ', '300 gram cherry domates|2 adet havuç|300 gram bebek patates|3 adet haşlanmış tavuk göğsü|6 adet köy biberi|2 adet kırmızı soğan|2 kepçe tavuksuyu|5 dal taze kekik|1 su bardağı zeytinyağı|1 adet misket limonu rendesi|1 çay kaşığı tuz|1 çay kaşığı karabiber|1 tatlı kaşığı tozkırmızı biber|3 diş sarımsak', 55, 130, 3, 'Tavukları bir tencerede temiz su ile haşlayın ve piştikten sonra kenara alın. Suyunu süzdürmeyin.|Büyük boy bir borcamın içerisine cherry domatesleri dikey biçimde yerleştirin.|Verev kesilmiş havuçları cherry domateslerin yanına gelecek şekilde dizin.|Bebek patatesleri büyüklüğüne göre ortadan ikiye veya dörde bölüp havuçların yanına dizin.|Haşlanmış tavukları patateslerin yanına yerleştirin.|Köy biberlerinin çekirdeklerini çıkartıp uzunlamasına kesin ve tavukların yanına yerleştirin.|Kırmızı soğanları piyazlık ama çok ince olmayacak şekilde kesin ve köy biberlerinin yanına dizin.|Başta hazırladığınız sosu borcamdaki sebze ve tavukların üzerine bir kaşık yardımıyla gezdirin.|Önceden haşlanan tavuğun suyundan 2 kepçe borcama ekleyin.|190 derece fırında 40 dakika pişirin.|Tabaklara bölüştürüp servis edin.', '2021-01-19', 1, 5),
	(20, 'Yeşil Detoks Çorbası', 'yesil-detoks-corbasi.jpg', 'Yaz meyveleri, hafif yemekler, hareketli günler... Hava sıcaklığı düşüp, manav tezgahlarındaki karpuzlara, çileklere veda edince, az hareketli kış günleri başlıyor. Yazın o enerjisi yerine, evde daha çok vakit geçiren, enerjisi daha düşük insanlara dönüşüyoruz.Haliyle yemek yeme ihtiyacımız artıyor, formumuzu biraz yitiriyoruz. Şişkinlikler, ödemlerde beraberinde geliyor. Bu biraz karamsar tabloyu renklendirmek, size kendinizi daha hafif hissettirmek adına bir önerimiz var. Sebzelerle hazırlanan', '1 demet ıspanak|1/4 adet patates|1/3 adet kabak|1/2 adet brokoli|1 adet orta boy havuç|1 adet kırmızı soğan|1 diş sarımsak|1 çay kaşığı kimyon|1 çay kaşığı deniz tuzu|1 çay kaşığı karabiber', 25, 100, 4, 'Tüm malzemeleri güzelce yıkayın.|Brokoliyi çiçeklerine ayırın, havucun kabuklarını soyun.|Patatesin kabuklarını soyun.|Soğanın kabuklarını soyun ve ince ince doğrayın.|Sarımsağın kabuğunu soyun ve rendeleyin.|Tüm sebzeleri tencerenin içine alın, üzerine sıcak su ilave edip pişmeye bırakın.|Sebzeler yumuşadığında blenderdan geçirin. baharat ve tuzunu ilave edip servis edin.', '2021-01-19', 1, 5),
	(21, 'Mercimekli Semizotu Salatası', 'mercimekli-semizotu-salatasi.jpg', 'Yemeği de yapılan semizotunun en faydalı tüketim şekli tabi ki onu çiğ olarak tüketmek ve bunun için sizlere harika bir tarif önerimiz var. Yeşil mercimekle semizotunun birleşimine hayran olacak, sarımsak ve yoğurtla zirveye taşınan bu lezzete kendinizi kaptıracaksınız. Haydi bakalım, mutfağa. Afiyetler olsun.', '1 bağ semizotu|1 çay bardağı yeşil mercimek|1 su bardağı yoğurt|3 yemek kaşığı zeytinyağı|2 diş sarımsak|1 silme tatlı kaşığı tuz', 20, 90, 4, 'Mercimekleri yıkayın ve bir tencereye alıp, üstlerini geçecek kadar su ilave edin. Ocağın altını açın ve yumuşayana dek pişmeye bırakın, yaklaşık 10 dakika.|Semiz otlarını güzelce yıkayın, irice doğrayın ve bir servis kasesine alın. Pişirdiğiniz mercimekleri süzüp, soğuk suyla yıkadıktan sonra doğradığınız semiz otlarının üstüne alın.|Sarımsağı rendeleyin, zeytinyağını üstlerine gezdirin.|Yoğurdu ilave edin ve tuzu da ekledikten sonra güzelce karıştırıp, servis edin.', '2021-01-19', 1, 5);
/*!40000 ALTER TABLE `recipes` ENABLE KEYS */;

-- tablo yapısı dökülüyor recipes.users
CREATE TABLE IF NOT EXISTS `users` (
  `user_id` int(11) NOT NULL AUTO_INCREMENT,
  `email` varchar(80) COLLATE utf8_turkish_ci DEFAULT NULL,
  `password` varchar(100) COLLATE utf8_turkish_ci DEFAULT NULL,
  `type` char(5) COLLATE utf8_turkish_ci DEFAULT NULL,
  PRIMARY KEY (`user_id`)
) ENGINE=InnoDB AUTO_INCREMENT=3 DEFAULT CHARSET=utf8 COLLATE=utf8_turkish_ci;

-- recipes.users: ~2 rows (yaklaşık) tablosu için veriler indiriliyor
/*!40000 ALTER TABLE `users` DISABLE KEYS */;
INSERT INTO `users` (`user_id`, `email`, `password`, `type`) VALUES
	(1, 'ali@gel.com', '12345', 'admin'),
	(2, 'veli@git.com', '12345', 'user');
/*!40000 ALTER TABLE `users` ENABLE KEYS */;

/*!40101 SET SQL_MODE=IFNULL(@OLD_SQL_MODE, '') */;
/*!40014 SET FOREIGN_KEY_CHECKS=IF(@OLD_FOREIGN_KEY_CHECKS IS NULL, 1, @OLD_FOREIGN_KEY_CHECKS) */;
/*!40101 SET CHARACTER_SET_CLIENT=@OLD_CHARACTER_SET_CLIENT */;
/*!40111 SET SQL_NOTES=@OLD_SQL_NOTES */;
